{
  "utter_rozlouceni": {
    "precision": 1.0,
    "recall": 1.0,
    "f1-score": 1.0,
    "support": 901
  },
  "utter_faq": {
    "precision": 0.0,
    "recall": 0.0,
    "f1-score": 0.0,
    "support": 901
  },
  "nesouhlas": {
    "precision": 1.0,
    "recall": 1.0,
    "f1-score": 1.0,
    "support": 901
  },
  "faq": {
    "precision": 1.0,
    "recall": 1.0,
    "f1-score": 1.0,
    "support": 901
  },
  "action_listen": {
    "precision": 0.6666666666666666,
    "recall": 1.0,
    "f1-score": 0.8,
    "support": 1802
  },
  "utter_dalsi_otazka": {
    "precision": 0.0,
    "recall": 0.0,
    "f1-score": 0.0,
    "support": 901
  },
  "micro avg": {
    "precision": 0.8333333333333334,
    "recall": 0.7142857142857143,
    "f1-score": 0.7692307692307692,
    "support": 6307
  },
  "macro avg": {
    "precision": 0.611111111111111,
    "recall": 0.6666666666666666,
    "f1-score": 0.6333333333333333,
    "support": 6307
  },
  "weighted avg": {
    "precision": 0.619047619047619,
    "recall": 0.7142857142857143,
    "f1-score": 0.6571428571428573,
    "support": 6307
  },
  "accuracy": 0.7142857142857143,
  "conversation_accuracy": {
    "accuracy": 0.0,
    "correct": 0,
    "with_warnings": 0,
    "total": 901
  }
}